alpha_lw,beta_lw
1.05519722497e-5,3.03943918768
