alpha_lw,beta_lw
2.83889874114e-4,2.48293299956
