"","Winf","k","t0","beta_lw"
"1",775.34,0.277985,0.95298,2.48293299956
