"Linf","k","t0","a","b"
41.0875,0.180507,-0.513999,-0.079687,0.48436
