"Linf","k","t0","a","b"
41.0952,0.180782,-0.510481,-0.017306,2.1714
