"","Winf","k","t0","beta_lw"
"1",899.04,0.195037,-0.379791,3.03943918768
