"","Winf","k","t0","beta_lw"
"1",0.776082,0.277605,0.950178,2.48293305989
