"","Winf","k","t0","beta_lw"
"1",897.422,0.195216,-0.379568,3.03943918768
