year,catch,proj_catch,ratio,yld
2023,27440.4743,30380.690922833004,1.1071488994938037,0.7919124621595905
