year,catch,proj_catch,ratio,yld
2023,25582.3546,29939.494387812094,1.1703181687510538,0.7919124621595905
