year,catch,proj_catch,ratio,yld
2023,16257.3854,28812.243395559726,1.772255666373003,0.7919124517069931
