year,catch,proj_catch,ratio,yld
2023,14201.0429,31965.081378175768,2.2508967547852254,0.7919128131926556
