year,catch,proj_catch,ratio,yld
2023,801.9592,24147.231151184882,30.110298817177835,0.7919128131926556
