"","Linf","k","t0","a","b"
"1",41.0577,0.182607,-0.485781,-0.016805,2.1843
