"","Winf","k","t0","beta_lw"
"1",901.44,0.195663,-0.366088,3.03720105625
