Year,D-B,VAST
1990,0.29962173,0.102523593
1993,0.224644454,0.105193778
1996,0.263871623,0.094392116
1999,0.534431632,0.102766366
2001,0.283383289,0.128290744
2003,0.157436678,0.087958061
2005,0.191695396,0.082897017
2007,0.165904269,0.099757751
2009,0.181324477,0.092469723
2011,0.174022371,0.099288802
2013,0.164440025,0.10735476
2015,0.155042893,0.091865273
2017,0.2230127,0.106254483
2019,0.135351794,0.088558307
2021,0.205988749,0.122829074
