INPFC_area,number_million_fish,biomass_ton
610,48.69186641164092,34541.88206968059
620,78.30588183795398,58912.57437082309
630,24.492013388595737,16871.933753194757
640,50.81014336024725,36947.26375562671
