year,catch,proj_catch,ratio,yld
2024,17109.3916,24234.42992904122,1.4164401923585186,0.7971394820720209
