year,catch,proj_catch,ratio,yld
2024,21054.778,23831.259884792413,1.1318694447783972,0.7971394820720209
