year,catch,proj_catch,ratio,yld
2024,17109.3916,24234.429450442283,1.4164401643856397,0.7971394820720209
