year,catch,proj_catch,ratio,yld
2024,3019.8851,16151.493324182367,5.348380083792714,0.797477108208145
