Linf,k,t0,a,b
41.6,0.146613468,-1.075750807,0.4170119,1.382374938
