"","year","abc","wyak","eyak_se","wyak_p"
"1","y1",4672.17071486564,1027.87755727044,3644.2931575952,0.22
"2","y2",4521.91480299289,994.821256658435,3527.09354633445,0.22
