"","year","ofl_wcgoa_wyak","ofl_eyak_se","ofl"
"1","y1",39410.2262322883,4337.77376771167,43748
"2","y2",38144.5371069257,4198.46289307432,42343
