linf	k	t0	a	b
41.6	0.146613	-1.07575	0.417012	1.382375
